arg-id,argument,x,y,cluster-level-1-id,cluster-level-2-id
Acsv-1_0,AIは未来を切り拓く画期的な技術である,12.252098,4.619158,1_4,2_5
Acsv-2_0,AIの利用は業務効率化に貢献する,10.820847,2.8642178,1_1,2_6
Acsv-3_0,AIの利用には倫理的な観点から慎重さが必要,9.338131,2.0965195,1_1,2_2
Acsv-4_0,医療分野でのAI活用により診断精度が向上している,10.596487,3.891608,1_3,2_35
Acsv-5_0,自動運転技術におけるAIの進化に期待できる,10.933904,5.03158,1_2,2_16
Acsv-6_0,AIは創造性を刺激するツールとして有用である,12.6681,4.2942753,1_4,2_37
Acsv-7_0,データバイアスによる問題の改善が必要,8.965296,2.890494,1_1,2_7
Acsv-8_0,AIによる自動化は雇用に影響を与える可能性がある,10.919141,4.416395,1_3,2_14
Acsv-9_0,教育現場でのAI利用は個別最適化学習を実現する可能性がある,11.397791,4.24231,1_3,2_25
Acsv-10_0,AIの発展は国際競争力を高める鍵になる,10.066633,2.6155531,1_1,2_8
Acsv-11_0,プライバシーの保護とAI技術の発展のバランスが重要,9.213779,3.8871126,1_2,2_38
Acsv-12_0,AIは日常生活の多くの面で便利さを提供する,9.88672,5.23389,1_2,2_34
Acsv-13_0,AIのアルゴリズムは透明性を持つべき,9.114983,1.7642243,1_1,2_24
Acsv-14_0,AIは大量のデータ解析において非常に強力である,12.625131,3.4566183,1_5,2_21
Acsv-15_0,AIの不正利用に対する対策が急務である,9.474226,2.4522824,1_1,2_41
Acsv-16_0,AIは環境問題の解決に貢献する可能性がある,12.130425,3.7834904,1_5,2_27
Acsv-17_0,ロボット技術と連携するAIは未来の産業を変える,11.264785,5.492898,1_2,2_3
Acsv-18_0,AIの発展は新たな法律や規制の制定を促すべき,9.858778,2.4082026,1_1,2_8
Acsv-19_0,AIを活用したスマートシティの構築が進むと考えられる,11.254932,4.760923,1_3,2_30
Acsv-20_0,AI技術は日々の生活における小さなストレスを軽減できる,9.586659,5.2907887,1_2,2_42
Acsv-21_0,自然言語処理の進化により、AIは人間との対話がより自然になる,10.427282,4.7425985,1_3,2_4
Acsv-22_0,AIによる画像認識技術は防犯カメラの効率を大きく向上させる,11.448331,2.5615923,1_5,2_32
Acsv-23_0,音声認識技術の発展はバリアフリー社会の実現に寄与する,9.538851,4.126571,1_2,2_12
Acsv-24_0,AIの活用はマーケティング分野において大きな可能性を秘めている,10.680263,2.4495049,1_1,2_26
Acsv-25_0,AIの決定プロセスはユーザーにとって理解しやすくする必要がある,8.818113,2.114585,1_1,2_36
Acsv-26_0,産業界でのAI導入はコスト削減と品質向上を両立させるべき,10.474283,5.536606,1_2,2_43
Acsv-27_0,AIは気候変動対策におけるシミュレーションで重要な役割を果たす,11.991235,3.4474273,1_5,2_0
Acsv-28_0,AIの活用により、災害予測や早期警戒システムが強化される,11.297863,2.9983516,1_5,2_17
Acsv-29_0,金融分野でAIはリスク評価や不正検知に利用されている,10.135941,3.9356034,1_3,2_22
Acsv-30_0,AI技術はサイバーセキュリティ分野で役立つ,8.932864,4.2699494,1_2,2_29
Acsv-31_0,AIによる自動翻訳技術は国際交流を円滑に進める,10.25121,4.6060743,1_3,2_4
Acsv-32_0,産業用ロボットと連携したAIは製造業の生産性を向上させる,10.900781,5.5489087,1_2,2_16
Acsv-33_0,AIは人間の意思決定を補完し、より正確な判断を可能にする,12.428337,3.3198152,1_5,2_21
Acsv-34_0,AIシステムのメンテナンスとアップデートは継続的な課題である,9.234587,3.3764198,1_1,2_19
Acsv-35_0,AIの倫理性に関する議論は今後も活発になるだろう,9.831616,1.8943185,1_1,2_18
Acsv-36_0,AIはエネルギー管理システムに革命をもたらす,12.281606,4.4326134,1_4,2_5
Acsv-37_0,スマートホームにおけるAIは生活の質を向上させる,10.073954,5.6956615,1_2,2_9
Acsv-38_0,AIの応用範囲は今後さらに広がると考えられる,10.465129,2.350618,1_1,2_26
Acsv-39_0,ビッグデータと連携したAIは新たな発見をもたらす,12.018043,5.300595,1_4,2_10
Acsv-40_0,AIを使った個別化医療は患者に合わせた治療を実現する,10.91775,3.6689754,1_3,2_13
Acsv-41_0,AIは犯罪予防や治安維持に効果的である,11.945465,2.8865135,1_5,2_20
Acsv-42_0,AIシステムの運用には専門家による継続的な監視が不可欠である,9.385644,3.1732697,1_1,2_19
Acsv-43_0,AIはアートや音楽の分野で新しい表現手法を生み出している,12.873841,4.8544054,1_4,2_23
Acsv-44_0,AI技術の発展に伴い、教育内容の変革が必要,9.012206,4.7626176,1_2,2_1
Acsv-45_0,AIが仕事を奪う懸念と新たな雇用創出の両面が存在する,11.792512,4.4262357,1_4,2_45
Acsv-46_0,AIの導入が中小企業にも手軽に行える環境が整いつつある,10.494107,2.98002,1_1,2_47
Acsv-47_0,AIによる予測分析は経済の動向把握に役立つ,11.439176,3.1260738,1_5,2_17
Acsv-48_0,AI技術の進化は国ごとの技術格差を広げる恐れがある,8.914422,4.7874246,1_2,2_1
Acsv-49_0,市民生活に根付いたAIサービスの普及は利便性を向上させる,9.920572,5.589809,1_2,2_9
Acsv-50_0,AIは新たなビジネスモデルを生み出す,12.332581,4.9405866,1_4,2_33
Acsv-51_0,AIの透明性と説明責任は利用者の信頼を得るために必要,9.040477,2.0864143,1_1,2_36
Acsv-52_0,自然災害の被害予測にAIを活用する試みが進んでいる,11.107743,3.595362,1_3,2_13
Acsv-53_0,AIを利用したスマート農業は食糧生産に革命を起こす可能性がある,11.736857,4.820261,1_4,2_28
Acsv-54_0,AIの進歩は遠隔医療の発展を促進する,10.521741,3.499583,1_3,2_40
Acsv-55_0,産業界でのAI活用はイノベーションの加速に寄与している,10.704985,5.3423505,1_2,2_16
Acsv-56_0,AIの適用範囲拡大には社会全体の理解と協力が不可欠,10.181063,1.9644428,1_1,2_39
Acsv-57_0,AI技術は交通渋滞の緩和に役立つ,9.313879,5.1673975,1_2,2_15
Acsv-58_0,AIは研究開発分野での試行錯誤を効率化できる,12.307809,3.9609284,1_5,2_27
Acsv-59_0,AIの導入に伴うセキュリティリスクに対して十分な対策が求められる,9.223119,2.7613585,1_1,2_7
Acsv-60_0,AIは個人のライフログ解析を通じて健康管理をサポートできる,11.446516,3.749935,1_3,2_11
Acsv-61_0,AIを用いた犯罪解析は警察の捜査に大きな助けとなる,12.221077,2.8490872,1_5,2_20
Acsv-62_0,AI技術は公共サービスの改善に寄与する可能性が高い,9.185173,4.820002,1_2,2_1
Acsv-63_0,AIのアルゴリズムに対する外部監査が必要,8.875039,1.9233528,1_1,2_36
Acsv-64_0,AIの判断基準の公開は社会的合意形成に重要である,9.561734,1.7853433,1_1,2_49
Acsv-65_0,AIは複雑な問題の解決策を提示する力を持っている,12.381252,3.5726254,1_5,2_21
Acsv-66_0,AIの利用により業務の自動化と効率化が実現されている,10.510977,4.4172935,1_3,2_44
Acsv-67_0,AIを利用する際のプライバシー保護対策は必ず講じるべき,8.895865,2.5781367,1_1,2_48
Acsv-68_0,AIは新たな研究分野を切り開く原動力となる,12.648683,4.697653,1_4,2_23
Acsv-69_0,AI技術の国際的な標準化が進むことを期待する,8.661867,4.5903854,1_2,2_46
Acsv-70_0,AIを取り巻く法整備は今後の大きな課題の一つである,10.074135,3.0721414,1_1,2_31
