arg-id,argument,x,y,cluster-level-1-id,cluster-level-2-id,cluster_id,cluster-level-2-label,cluster-level-2-description
Acsv-1_0,AIは未来を切り拓く画期的な技術である,12.252098,4.619158,1_4,2_5,2_5,AIによるエネルギー管理の革新,このグループには、AIがエネルギー管理システムにおいて重要な役割を果たすという意見が集まっています。AI技術がエネルギーの効率的な利用や管理を可能にし、持続可能な未来を実現するための革新的な手段として期待されています。参加者は、AIがエネルギー分野においても新たな可能性を切り拓くことを強く信じており、その影響力に注目しています。
Acsv-2_0,AIの利用は業務効率化に貢献する,10.820847,2.8642178,1_1,2_6,2_6,業務効率化に向けたAIの活用,このグループには、AI技術が業務プロセスの効率化や生産性向上に寄与するという意見が集まっています。参加者は、AIを導入することで時間やコストの削減が可能になり、業務の質が向上することを期待しています。特に、反復的な作業の自動化やデータ分析の迅速化が、企業の競争力を高める要因として強調されています。
Acsv-3_0,AIの利用には倫理的な観点から慎重さが必要,9.338131,2.0965195,1_1,2_2,2_2,AI利用における倫理的配慮の重要性,このクラスタには、AI技術の導入や利用に際して倫理的な観点からの慎重さが求められるという意見が集まっています。利用者は、AIがもたらす利便性や効率性だけでなく、その影響やリスクについても真剣に考慮する必要があると認識しており、特にプライバシーや公平性、透明性といった倫理的課題に対する配慮が重要であると強調しています。
Acsv-4_0,医療分野でのAI活用により診断精度が向上している,10.596487,3.891608,1_3,2_35,2_35,医療分野におけるAI活用による診断精度の向上,このクラスタには、AI技術が医療分野での診断精度を向上させることに関する意見や期待が集まっています。具体的には、AIがデータ分析やパターン認識を通じて、医師の診断をサポートし、より正確な結果を導く可能性が示唆されています。医療従事者や患者は、AIの導入によって診断の信頼性が高まり、より良い治療結果が得られることを期待しています。
Acsv-5_0,自動運転技術におけるAIの進化に期待できる,10.933904,5.03158,1_2,2_16,2_16,産業界におけるAI技術の進化と自動運転の期待,このクラスタには、自動運転技術や産業界でのAI活用に関する前向きな意見が集まっています。自動運転技術の進化に対する期待や、産業用ロボットとの連携による製造業の生産性向上が強調されており、AIがイノベーションを加速させる重要な役割を果たすことが示唆されています。これにより、産業界全体の効率性や競争力が向上することが期待されています。
Acsv-6_0,AIは創造性を刺激するツールとして有用である,12.6681,4.2942753,1_4,2_37,2_37,AIによる創造性の促進,このグループには、AIが創造的なプロセスを支援し、アイデアの発展を促すツールとしての役割に関する意見が集まっています。利用者は、AIが新しい視点やインスピレーションを提供し、アートやデザイン、ライティングなどの分野での創造性を高める可能性を認識しています。AIを活用することで、従来の枠を超えた革新的な成果が期待されることが強調されています。
Acsv-7_0,データバイアスによる問題の改善が必要,8.965296,2.890494,1_1,2_7,2_7,AI導入におけるデータバイアスとセキュリティリスクの重要性,このクラスタには、AI技術の導入に伴うデータバイアスの問題と、それに関連するセキュリティリスクに対する懸念が集まっています。参加者は、AIシステムが公平で信頼性のある結果を提供するためには、データの偏りを改善する必要があると認識しており、同時にAIの利用に伴うセキュリティリスクに対しても十分な対策が求められると考えています。これにより、AI技術の安全で効果的な活用が促進されることを期待しています。
Acsv-8_0,AIによる自動化は雇用に影響を与える可能性がある,10.919141,4.416395,1_3,2_14,2_14,AI自動化による雇用への影響,このクラスタには、AI技術の進展が雇用市場に与える影響についての懸念や議論が集まっています。自動化が進むことで、特定の職業が減少する可能性や、新たな職業が生まれる可能性についての意見が交わされており、雇用の未来に対する不安や期待が反映されています。参加者は、AIの導入が労働環境や雇用形態にどのように影響を及ぼすかを真剣に考え、社会全体での適応や対策が必要であることを認識しています。
Acsv-9_0,教育現場でのAI利用は個別最適化学習を実現する可能性がある,11.397791,4.24231,1_3,2_25,2_25,教育現場におけるAIによる個別最適化学習の可能性,このクラスタには、教育分野におけるAI技術の導入が、個々の学習者に合わせた最適な学習体験を提供する可能性についての意見が集まっています。AIを活用することで、学習者の理解度や進捗に応じたカスタマイズされた教材や指導が実現されることが期待されており、教育の質の向上や学習効率の向上に寄与することが見込まれています。
Acsv-10_0,AIの発展は国際競争力を高める鍵になる,10.066633,2.6155531,1_1,2_8,2_8,AIの発展に伴う法律・規制と国際競争力の重要性,このグループには、AIの進展が新たな法律や規制の必要性を生じさせると同時に、国際競争力を向上させる要素であるという意見が集まっています。参加者は、AI技術の急速な進化に対して適切な法的枠組みを整備することが重要であり、これにより国際的な競争力を維持・強化することができると考えています。AIの発展がもたらす社会的影響に対する理解と、経済的な利点を両立させるための議論が行われています。
Acsv-11_0,プライバシーの保護とAI技術の発展のバランスが重要,9.213779,3.8871126,1_2,2_38,2_38,プライバシー保護とAI技術の発展の調和,このクラスタには、AI技術の進展とプライバシー保護の重要性に関する意見が集まっています。参加者は、AIの利便性や効率性を享受しつつ、個人情報の保護や倫理的な配慮が欠かせないことを強調しています。プライバシーと技術革新の両立を目指す姿勢が見られ、持続可能なAIの発展に向けた議論が進められています。
Acsv-12_0,AIは日常生活の多くの面で便利さを提供する,9.88672,5.23389,1_2,2_34,2_34,日常生活におけるAIの利便性,このクラスタには、AIが日常生活のさまざまな側面でどのように便利さを提供しているかに関する意見が集まっています。利用者は、AI技術が生活の質を向上させる手段として機能し、日常のタスクを効率化したり、時間を節約したりすることに期待を寄せています。AIの導入によって、生活がより快適で便利になるという前向きな視点が強調されています。
Acsv-13_0,AIのアルゴリズムは透明性を持つべき,9.114983,1.7642243,1_1,2_24,2_24,AIアルゴリズムの透明性の重要性,このクラスタには、AIアルゴリズムの透明性に関する意見が集まっています。参加者は、AIの判断や決定プロセスが理解可能であることが重要であり、特に倫理的な観点からも透明性が求められると考えています。透明性が確保されることで、利用者や社会全体がAI技術に対する信頼を持ち、より良い意思決定が行えるようになることを期待しています。
Acsv-14_0,AIは大量のデータ解析において非常に強力である,12.625131,3.4566183,1_5,2_21,2_21,AIによるデータ解析と意思決定支援の可能性,このクラスタには、AIが持つデータ解析能力や意思決定支援の役割に関する意見が集まっています。AIは大量のデータを迅速に処理し、複雑な問題に対する解決策を提示することで、人間の判断を補完し、より正確な意思決定を可能にします。これにより、さまざまな分野での問題解決や効率化が期待されており、AIの活用が進むことへの期待感が表れています。
Acsv-15_0,AIの不正利用に対する対策が急務である,9.474226,2.4522824,1_1,2_41,2_41,AIの不正利用防止に向けた対策の重要性,このクラスタには、AI技術の急速な進展に伴い、その不正利用に対する懸念が集まっています。参加者は、AIの悪用が社会に与える影響を真剣に捉え、適切な対策や規制の必要性を強調しています。特に、倫理的な利用や安全性の確保が求められる中で、技術者や政策立案者が協力して不正利用を防ぐための具体的な方策を講じることが急務であるという意見が多く見られます。
Acsv-16_0,AIは環境問題の解決に貢献する可能性がある,12.130425,3.7834904,1_5,2_27,2_27,AI技術による環境問題解決と研究開発の効率化,このクラスタには、AIが環境問題の解決に寄与する可能性や、研究開発における試行錯誤の効率化に関する意見が集まっています。参加者は、AI技術が持つ革新性を通じて、持続可能な社会の実現や研究の迅速化に貢献することを期待しており、これにより環境保護や科学技術の進展が促進されることを望んでいます。
Acsv-17_0,ロボット技術と連携するAIは未来の産業を変える,11.264785,5.492898,1_2,2_3,2_3,ロボット技術とAIの融合による産業革新,このクラスタには、ロボット技術とAIの連携がもたらす産業の変革に関する意見が集まっています。参加者は、AIがロボットの知能を高め、効率的な生産や新たなビジネスモデルの創出に寄与する可能性を強調しています。特に、製造業や物流、サービス業において、AIとロボットの協働が未来の産業構造を大きく変えると期待されています。
Acsv-18_0,AIの発展は新たな法律や規制の制定を促すべき,9.858778,2.4082026,1_1,2_8,2_8,AIの発展に伴う法律・規制と国際競争力の重要性,このグループには、AIの進展が新たな法律や規制の必要性を生じさせると同時に、国際競争力を向上させる要素であるという意見が集まっています。参加者は、AI技術の急速な進化に対して適切な法的枠組みを整備することが重要であり、これにより国際的な競争力を維持・強化することができると考えています。AIの発展がもたらす社会的影響に対する理解と、経済的な利点を両立させるための議論が行われています。
Acsv-19_0,AIを活用したスマートシティの構築が進むと考えられる,11.254932,4.760923,1_3,2_30,2_30,AIを活用したスマートシティの未来展望,このクラスタには、AI技術が都市のインフラやサービスに統合され、より効率的で持続可能なスマートシティの実現に向けた期待が集まっています。参加者は、AIを活用することで交通管理、エネルギー効率、公共サービスの向上など、都市生活の質が向上することを見込んでおり、未来の都市像に対する前向きなビジョンを共有しています。
Acsv-20_0,AI技術は日々の生活における小さなストレスを軽減できる,9.586659,5.2907887,1_2,2_42,2_42,日常生活におけるAI技術のストレス軽減効果,このクラスタには、AI技術が日常生活の中で発生する小さなストレスを軽減する可能性に関する意見が集まっています。利用者は、AIが日常のタスクを効率化し、時間を節約することで、心の負担を軽減することに期待を寄せています。具体的には、家事の自動化やスケジュール管理、情報検索の迅速化など、生活の質を向上させるためのAIの役割が強調されています。
Acsv-21_0,自然言語処理の進化により、AIは人間との対話がより自然になる,10.427282,4.7425985,1_3,2_4,2_4,自然言語処理によるコミュニケーションの向上,このクラスタには、自然言語処理技術の進化がもたらす人間との対話の自然さや、自動翻訳技術による国際交流の促進に関する意見が集まっています。利用者は、AIが人間の言語を理解し、よりスムーズなコミュニケーションを実現することに期待を寄せており、これにより国境を越えた交流が活発化することを望んでいます。
Acsv-22_0,AIによる画像認識技術は防犯カメラの効率を大きく向上させる,11.448331,2.5615923,1_5,2_32,2_32,防犯カメラにおけるAI画像認識技術の向上,このクラスタには、AIによる画像認識技術が防犯カメラの性能を向上させることに関する意見が集まっています。具体的には、AI技術が画像解析の精度を高め、異常行動の検知や迅速な対応を可能にすることで、防犯効果が向上することが期待されています。利用者は、AIの導入によって防犯システムがより効率的かつ効果的になることを支持し、社会の安全性向上に寄与する技術革新を歓迎しています。
Acsv-23_0,音声認識技術の発展はバリアフリー社会の実現に寄与する,9.538851,4.126571,1_2,2_12,2_12,音声認識技術によるバリアフリー社会の実現,このクラスタには、音声認識技術が障害を持つ人々や高齢者に対して、よりアクセスしやすい社会を実現するための重要な役割を果たすという意見が集まっています。音声認識技術の進化により、コミュニケーションの障壁が低くなり、日常生活や情報へのアクセスが向上することが期待されています。これにより、すべての人が平等に社会参加できる環境が整うことを支持する声が多く見られます。
Acsv-24_0,AIの活用はマーケティング分野において大きな可能性を秘めている,10.680263,2.4495049,1_1,2_26,2_26,マーケティングにおけるAIの未来の可能性,このクラスタには、AI技術がマーケティング分野での活用に関する期待や展望が集まっています。参加者は、AIの応用が今後さらに広がることで、マーケティング戦略や顧客分析、広告配信などにおいて新たな可能性が開かれると考えています。AIの進化がマーケティングの効率化や効果向上に寄与することへの期待が表れています。
Acsv-25_0,AIの決定プロセスはユーザーにとって理解しやすくする必要がある,8.818113,2.114585,1_1,2_36,2_36,AIアルゴリズムの透明性と説明責任の重要性,このクラスタには、AIのアルゴリズムに対する外部監査や透明性、説明責任に関する意見が集まっています。利用者の信頼を得るためには、AIの決定プロセスが理解しやすく、明確であることが求められています。これにより、ユーザーはAIの判断に対して安心感を持ち、より積極的に技術を利用できるようになることが期待されています。
Acsv-26_0,産業界でのAI導入はコスト削減と品質向上を両立させるべき,10.474283,5.536606,1_2,2_43,2_43,産業界におけるAI導入の目的と期待,このクラスタには、産業界でのAI導入に関する意見が集まっており、特にコスト削減と品質向上の両立が重要視されています。参加者は、AI技術が効率的な運用を実現し、経済的な利益をもたらすだけでなく、製品やサービスの品質を向上させることが求められていると考えています。このような期待は、産業の競争力を高めるための重要な要素として位置づけられています。
Acsv-27_0,AIは気候変動対策におけるシミュレーションで重要な役割を果たす,11.991235,3.4474273,1_5,2_0,2_0,気候変動対策におけるAIのシミュレーション活用,このクラスタには、気候変動に対する対策としてAIがシミュレーション技術を活用する重要性に関する意見が集まっています。AIは、気候モデルの精度向上や、さまざまなシナリオの予測を通じて、政策決定や戦略的な行動を支援する役割を果たすと期待されています。参加者は、AIの力を借りて気候変動の影響をより正確に理解し、効果的な対策を講じることができる未来を描いています。
Acsv-28_0,AIの活用により、災害予測や早期警戒システムが強化される,11.297863,2.9983516,1_5,2_17,2_17,AIによる災害予測と経済分析の強化,このクラスタには、AI技術が災害予測や早期警戒システム、さらには経済動向の分析において重要な役割を果たすという意見が集まっています。災害管理におけるAIの活用は、リスクを軽減し、迅速な対応を可能にすることが期待されており、経済分析においてもAIがデータを活用してトレンドを把握する手助けをすることで、より良い意思決定を促進することが示唆されています。
Acsv-29_0,金融分野でAIはリスク評価や不正検知に利用されている,10.135941,3.9356034,1_3,2_22,2_22,金融分野におけるAIのリスク管理と不正検知の活用,このクラスタには、金融業界におけるAI技術の具体的な応用として、リスク評価や不正検知に関する意見が集まっています。参加者は、AIがデータ分析を通じてリスクを正確に評価し、不正行為を早期に発見する能力に期待を寄せています。これにより、金融機関はより安全で効率的な運営が可能になると考えられ、AIの導入が金融業界の信頼性向上に寄与することを支持しています。
Acsv-30_0,AI技術はサイバーセキュリティ分野で役立つ,8.932864,4.2699494,1_2,2_29,2_29,AI技術によるサイバーセキュリティの強化,このクラスタには、AI技術がサイバーセキュリティの分野でどのように役立つかに関する意見や期待が集まっています。具体的には、AIが脅威の検出や予測、攻撃の防御において重要な役割を果たすことができるという見解が示されています。参加者は、AIの導入によってセキュリティ対策が強化され、より安全なデジタル環境が実現されることを期待しています。
Acsv-31_0,AIによる自動翻訳技術は国際交流を円滑に進める,10.25121,4.6060743,1_3,2_4,2_4,自然言語処理によるコミュニケーションの向上,このクラスタには、自然言語処理技術の進化がもたらす人間との対話の自然さや、自動翻訳技術による国際交流の促進に関する意見が集まっています。利用者は、AIが人間の言語を理解し、よりスムーズなコミュニケーションを実現することに期待を寄せており、これにより国境を越えた交流が活発化することを望んでいます。
Acsv-32_0,産業用ロボットと連携したAIは製造業の生産性を向上させる,10.900781,5.5489087,1_2,2_16,2_16,産業界におけるAI技術の進化と自動運転の期待,このクラスタには、自動運転技術や産業界でのAI活用に関する前向きな意見が集まっています。自動運転技術の進化に対する期待や、産業用ロボットとの連携による製造業の生産性向上が強調されており、AIがイノベーションを加速させる重要な役割を果たすことが示唆されています。これにより、産業界全体の効率性や競争力が向上することが期待されています。
Acsv-33_0,AIは人間の意思決定を補完し、より正確な判断を可能にする,12.428337,3.3198152,1_5,2_21,2_21,AIによるデータ解析と意思決定支援の可能性,このクラスタには、AIが持つデータ解析能力や意思決定支援の役割に関する意見が集まっています。AIは大量のデータを迅速に処理し、複雑な問題に対する解決策を提示することで、人間の判断を補完し、より正確な意思決定を可能にします。これにより、さまざまな分野での問題解決や効率化が期待されており、AIの活用が進むことへの期待感が表れています。
Acsv-34_0,AIシステムのメンテナンスとアップデートは継続的な課題である,9.234587,3.3764198,1_1,2_19,2_19,AIシステムのメンテナンスと運用の重要性,このクラスタには、AIシステムのメンテナンスやアップデートに関する課題が集まっています。特に、AIシステムの運用には専門家による継続的な監視が必要であるという意見が強調されています。これにより、システムの信頼性や性能を維持し、技術の進化に対応するための重要性が示されています。
Acsv-35_0,AIの倫理性に関する議論は今後も活発になるだろう,9.831616,1.8943185,1_1,2_18,2_18,AI倫理に関する未来の議論の重要性,このクラスタには、AIの倫理性に関する議論が今後も重要であり、活発に行われるべきだという意見が集まっています。AI技術の進化に伴い、その利用における倫理的な問題や社会的影響についての理解が求められています。参加者は、倫理的な視点からAIの開発や運用を考慮することが、持続可能な技術の発展に不可欠であると認識しており、今後の議論の深化を期待しています。
Acsv-36_0,AIはエネルギー管理システムに革命をもたらす,12.281606,4.4326134,1_4,2_5,2_5,AIによるエネルギー管理の革新,このグループには、AIがエネルギー管理システムにおいて重要な役割を果たすという意見が集まっています。AI技術がエネルギーの効率的な利用や管理を可能にし、持続可能な未来を実現するための革新的な手段として期待されています。参加者は、AIがエネルギー分野においても新たな可能性を切り拓くことを強く信じており、その影響力に注目しています。
Acsv-37_0,スマートホームにおけるAIは生活の質を向上させる,10.073954,5.6956615,1_2,2_9,2_9,スマートホームにおけるAIの利便性と生活の質向上,このクラスタには、スマートホーム技術におけるAIの導入が市民生活に与えるポジティブな影響に関する意見が集まっています。AIサービスの普及が生活の質を向上させ、日常生活の利便性を高めることに対する期待が表れています。利用者は、AIがもたらす便利さや快適さを実感し、スマートホーム技術が日常生活にどのように役立つかに注目しています。
Acsv-38_0,AIの応用範囲は今後さらに広がると考えられる,10.465129,2.350618,1_1,2_26,2_26,マーケティングにおけるAIの未来の可能性,このクラスタには、AI技術がマーケティング分野での活用に関する期待や展望が集まっています。参加者は、AIの応用が今後さらに広がることで、マーケティング戦略や顧客分析、広告配信などにおいて新たな可能性が開かれると考えています。AIの進化がマーケティングの効率化や効果向上に寄与することへの期待が表れています。
Acsv-39_0,ビッグデータと連携したAIは新たな発見をもたらす,12.018043,5.300595,1_4,2_10,2_10,ビッグデータとAIによる新たな発見の可能性,このクラスタには、ビッグデータとAIの連携がもたらす新しい知見や発見に関する期待が集まっています。参加者は、データ解析の進化によって、従来の手法では見えなかったパターンやトレンドを明らかにし、さまざまな分野での革新を促進する可能性を強調しています。特に、ビッグデータを活用することで、より深い洞察や意思決定の質を向上させることができるという前向きな見解が示されています。
Acsv-40_0,AIを使った個別化医療は患者に合わせた治療を実現する,10.91775,3.6689754,1_3,2_13,2_13,AI技術の多様な応用による社会課題解決への期待,このクラスタには、自然災害の被害予測や個別化医療といった異なる分野におけるAI技術の活用に関する意見が集まっています。参加者は、AIが社会のさまざまな課題に対して具体的な解決策を提供する可能性を認識しており、特に自然災害の予測や医療の個別化において、AIの導入がもたらす利点に期待を寄せています。これにより、より安全で効果的な社会の実現が促進されることを望んでいます。
Acsv-41_0,AIは犯罪予防や治安維持に効果的である,11.945465,2.8865135,1_5,2_20,2_20,AIによる犯罪解析と治安維持の可能性,このクラスタには、AI技術が警察の捜査や犯罪予防において重要な役割を果たすという意見が集まっています。AIを活用することで、犯罪解析が効率化され、治安維持に寄与する可能性が高まることが期待されています。利用者は、AIの導入が警察の捜査活動を支援し、より安全な社会の実現に向けた新たな手段となることを支持しています。
Acsv-42_0,AIシステムの運用には専門家による継続的な監視が不可欠である,9.385644,3.1732697,1_1,2_19,2_19,AIシステムのメンテナンスと運用の重要性,このクラスタには、AIシステムのメンテナンスやアップデートに関する課題が集まっています。特に、AIシステムの運用には専門家による継続的な監視が必要であるという意見が強調されています。これにより、システムの信頼性や性能を維持し、技術の進化に対応するための重要性が示されています。
Acsv-43_0,AIはアートや音楽の分野で新しい表現手法を生み出している,12.873841,4.8544054,1_4,2_23,2_23,AIによるアートと音楽の革新,このグループには、AIがアートや音楽の創作において新しい表現手法を提供し、さらには新たな研究分野を切り開く可能性についての意見が集まっています。参加者は、AIの技術が従来の枠を超えた創造性を引き出し、アートや音楽の未来に革新をもたらすことを期待しています。
Acsv-44_0,AI技術の発展に伴い、教育内容の変革が必要,9.012206,4.7626176,1_2,2_1,2_1,AI技術の公共サービスと教育への影響,このグループには、AI技術が公共サービスの改善に寄与する可能性や、教育内容の変革が必要であるという意見が集まっています。一方で、AI技術の進化が国ごとの技術格差を広げる懸念も示されています。これにより、AI技術の導入が社会全体に与える影響や、教育システムの適応が重要であることが強調されています。
Acsv-45_0,AIが仕事を奪う懸念と新たな雇用創出の両面が存在する,11.792512,4.4262357,1_4,2_45,2_45,AIによる雇用の変化に関する懸念と期待,このクラスタには、AI技術の進展がもたらす雇用の変化に対する懸念と、新たな雇用機会の創出に対する期待が共存しています。参加者は、AIが従来の仕事を奪う可能性を指摘しつつも、同時に新しい職種や業務が生まれることで、労働市場が変化することに希望を持っています。このように、AIの影響を多面的に捉え、未来の働き方についての議論が行われています。
Acsv-46_0,AIの導入が中小企業にも手軽に行える環境が整いつつある,10.494107,2.98002,1_1,2_47,2_47,中小企業におけるAI導入の容易さ,このクラスタには、中小企業がAI技術を導入する際の環境整備や手軽さに関する意見が集まっています。特に、AIの導入が進むことで、中小企業が競争力を高めるチャンスが増え、業務効率化やコスト削減が期待されるという前向きな見解が示されています。これにより、中小企業が新たなビジネスモデルを構築しやすくなることが強調されています。
Acsv-47_0,AIによる予測分析は経済の動向把握に役立つ,11.439176,3.1260738,1_5,2_17,2_17,AIによる災害予測と経済分析の強化,このクラスタには、AI技術が災害予測や早期警戒システム、さらには経済動向の分析において重要な役割を果たすという意見が集まっています。災害管理におけるAIの活用は、リスクを軽減し、迅速な対応を可能にすることが期待されており、経済分析においてもAIがデータを活用してトレンドを把握する手助けをすることで、より良い意思決定を促進することが示唆されています。
Acsv-48_0,AI技術の進化は国ごとの技術格差を広げる恐れがある,8.914422,4.7874246,1_2,2_1,2_1,AI技術の公共サービスと教育への影響,このグループには、AI技術が公共サービスの改善に寄与する可能性や、教育内容の変革が必要であるという意見が集まっています。一方で、AI技術の進化が国ごとの技術格差を広げる懸念も示されています。これにより、AI技術の導入が社会全体に与える影響や、教育システムの適応が重要であることが強調されています。
Acsv-49_0,市民生活に根付いたAIサービスの普及は利便性を向上させる,9.920572,5.589809,1_2,2_9,2_9,スマートホームにおけるAIの利便性と生活の質向上,このクラスタには、スマートホーム技術におけるAIの導入が市民生活に与えるポジティブな影響に関する意見が集まっています。AIサービスの普及が生活の質を向上させ、日常生活の利便性を高めることに対する期待が表れています。利用者は、AIがもたらす便利さや快適さを実感し、スマートホーム技術が日常生活にどのように役立つかに注目しています。
Acsv-50_0,AIは新たなビジネスモデルを生み出す,12.332581,4.9405866,1_4,2_33,2_33,AIによる新しいビジネスモデルの創出,このグループには、AI技術がもたらす新たなビジネスモデルや革新的なサービスの可能性についての意見が集まっています。参加者は、AIが企業の運営や顧客体験を向上させる手段として機能し、従来のビジネスの枠を超えた新しい価値を提供することに期待を寄せています。AIの導入が市場競争を激化させ、企業の成長を促進する要因となることを示唆しています。
Acsv-51_0,AIの透明性と説明責任は利用者の信頼を得るために必要,9.040477,2.0864143,1_1,2_36,2_36,AIアルゴリズムの透明性と説明責任の重要性,このクラスタには、AIのアルゴリズムに対する外部監査や透明性、説明責任に関する意見が集まっています。利用者の信頼を得るためには、AIの決定プロセスが理解しやすく、明確であることが求められています。これにより、ユーザーはAIの判断に対して安心感を持ち、より積極的に技術を利用できるようになることが期待されています。
Acsv-52_0,自然災害の被害予測にAIを活用する試みが進んでいる,11.107743,3.595362,1_3,2_13,2_13,AI技術の多様な応用による社会課題解決への期待,このクラスタには、自然災害の被害予測や個別化医療といった異なる分野におけるAI技術の活用に関する意見が集まっています。参加者は、AIが社会のさまざまな課題に対して具体的な解決策を提供する可能性を認識しており、特に自然災害の予測や医療の個別化において、AIの導入がもたらす利点に期待を寄せています。これにより、より安全で効果的な社会の実現が促進されることを望んでいます。
Acsv-53_0,AIを利用したスマート農業は食糧生産に革命を起こす可能性がある,11.736857,4.820261,1_4,2_28,2_28,AIによるスマート農業の革新と食糧生産の未来,このクラスタには、AI技術が農業分野においてどのように革新をもたらし、食糧生産の効率化や持続可能性を向上させるかに関する期待が集まっています。利用者は、スマート農業の導入によって、農作物の生産性が向上し、環境への負荷が軽減されることを期待しており、AIが農業の未来において重要な役割を果たすことを信じています。
Acsv-54_0,AIの進歩は遠隔医療の発展を促進する,10.521741,3.499583,1_3,2_40,2_40,AIによる遠隔医療の進化とその影響,このクラスタには、AI技術の進歩が遠隔医療の発展に寄与するという意見が集まっています。AIは、診断支援や患者モニタリング、データ分析などの分野での革新を通じて、医療サービスの提供方法を変革し、患者と医療従事者の距離を縮める可能性を示唆しています。特に、遠隔医療の利便性や効率性が向上することで、より多くの人々が質の高い医療を受けられるようになることが期待されています。
Acsv-55_0,産業界でのAI活用はイノベーションの加速に寄与している,10.704985,5.3423505,1_2,2_16,2_16,産業界におけるAI技術の進化と自動運転の期待,このクラスタには、自動運転技術や産業界でのAI活用に関する前向きな意見が集まっています。自動運転技術の進化に対する期待や、産業用ロボットとの連携による製造業の生産性向上が強調されており、AIがイノベーションを加速させる重要な役割を果たすことが示唆されています。これにより、産業界全体の効率性や競争力が向上することが期待されています。
Acsv-56_0,AIの適用範囲拡大には社会全体の理解と協力が不可欠,10.181063,1.9644428,1_1,2_39,2_39,AIの社会的受容と協力の重要性,このクラスタには、AI技術の適用範囲を広げるためには、社会全体の理解と協力が必要であるという意見が集まっています。AIの導入が進む中で、技術の利点やリスクについての教育や啓発が重要であり、一般市民や関係者が共に協力することで、より良い社会を築くための基盤が形成されることが期待されています。
Acsv-57_0,AI技術は交通渋滞の緩和に役立つ,9.313879,5.1673975,1_2,2_15,2_15,交通渋滞緩和に向けたAI技術の活用,このクラスタには、AI技術が交通渋滞の緩和に寄与する可能性についての意見が集まっています。具体的には、交通データの分析やリアルタイムの情報提供を通じて、効率的な交通管理やルート最適化が実現されることが期待されています。利用者は、AIの導入によって交通の流れが改善され、より快適な移動環境が整うことを望んでいます。
Acsv-58_0,AIは研究開発分野での試行錯誤を効率化できる,12.307809,3.9609284,1_5,2_27,2_27,AI技術による環境問題解決と研究開発の効率化,このクラスタには、AIが環境問題の解決に寄与する可能性や、研究開発における試行錯誤の効率化に関する意見が集まっています。参加者は、AI技術が持つ革新性を通じて、持続可能な社会の実現や研究の迅速化に貢献することを期待しており、これにより環境保護や科学技術の進展が促進されることを望んでいます。
Acsv-59_0,AIの導入に伴うセキュリティリスクに対して十分な対策が求められる,9.223119,2.7613585,1_1,2_7,2_7,AI導入におけるデータバイアスとセキュリティリスクの重要性,このクラスタには、AI技術の導入に伴うデータバイアスの問題と、それに関連するセキュリティリスクに対する懸念が集まっています。参加者は、AIシステムが公平で信頼性のある結果を提供するためには、データの偏りを改善する必要があると認識しており、同時にAIの利用に伴うセキュリティリスクに対しても十分な対策が求められると考えています。これにより、AI技術の安全で効果的な活用が促進されることを期待しています。
Acsv-60_0,AIは個人のライフログ解析を通じて健康管理をサポートできる,11.446516,3.749935,1_3,2_11,2_11,AIによる個人の健康管理とライフログ解析,このクラスタには、AI技術が個人のライフログを解析することで、健康管理をサポートする可能性に関する意見が集まっています。利用者は、日常生活のデータを活用して健康状態を把握し、より良い生活習慣を促進するための具体的な手法やアプローチに期待を寄せています。AIが個々のニーズに応じた健康アドバイスを提供することで、個人の健康維持や病気予防に寄与することが期待されています。
Acsv-61_0,AIを用いた犯罪解析は警察の捜査に大きな助けとなる,12.221077,2.8490872,1_5,2_20,2_20,AIによる犯罪解析と治安維持の可能性,このクラスタには、AI技術が警察の捜査や犯罪予防において重要な役割を果たすという意見が集まっています。AIを活用することで、犯罪解析が効率化され、治安維持に寄与する可能性が高まることが期待されています。利用者は、AIの導入が警察の捜査活動を支援し、より安全な社会の実現に向けた新たな手段となることを支持しています。
Acsv-62_0,AI技術は公共サービスの改善に寄与する可能性が高い,9.185173,4.820002,1_2,2_1,2_1,AI技術の公共サービスと教育への影響,このグループには、AI技術が公共サービスの改善に寄与する可能性や、教育内容の変革が必要であるという意見が集まっています。一方で、AI技術の進化が国ごとの技術格差を広げる懸念も示されています。これにより、AI技術の導入が社会全体に与える影響や、教育システムの適応が重要であることが強調されています。
Acsv-63_0,AIのアルゴリズムに対する外部監査が必要,8.875039,1.9233528,1_1,2_36,2_36,AIアルゴリズムの透明性と説明責任の重要性,このクラスタには、AIのアルゴリズムに対する外部監査や透明性、説明責任に関する意見が集まっています。利用者の信頼を得るためには、AIの決定プロセスが理解しやすく、明確であることが求められています。これにより、ユーザーはAIの判断に対して安心感を持ち、より積極的に技術を利用できるようになることが期待されています。
Acsv-64_0,AIの判断基準の公開は社会的合意形成に重要である,9.561734,1.7853433,1_1,2_49,2_49,AIの判断基準公開と社会的合意形成の重要性,このクラスタには、AIの判断基準を公開することが、社会全体での合意形成や信頼構築に寄与するという意見が集まっています。AI技術が社会に浸透する中で、その判断基準が透明であることは、利用者や関係者がAIの決定を理解し、受け入れるために不可欠であると考えられています。これにより、倫理的な問題や偏見の排除が促進され、より公正な社会の実現に向けた基盤が築かれることが期待されています。
Acsv-65_0,AIは複雑な問題の解決策を提示する力を持っている,12.381252,3.5726254,1_5,2_21,2_21,AIによるデータ解析と意思決定支援の可能性,このクラスタには、AIが持つデータ解析能力や意思決定支援の役割に関する意見が集まっています。AIは大量のデータを迅速に処理し、複雑な問題に対する解決策を提示することで、人間の判断を補完し、より正確な意思決定を可能にします。これにより、さまざまな分野での問題解決や効率化が期待されており、AIの活用が進むことへの期待感が表れています。
Acsv-66_0,AIの利用により業務の自動化と効率化が実現されている,10.510977,4.4172935,1_3,2_44,2_44,業務自動化と効率化を実現するAIの活用,このクラスタには、AI技術が業務プロセスの自動化や効率化に寄与しているという意見が集まっています。参加者は、AIの導入によって業務の負担が軽減され、より生産的な作業に集中できるようになることを期待しています。業務の効率化は、企業の競争力を高める重要な要素であり、AIの活用がその実現に向けた鍵であると認識されています。
Acsv-67_0,AIを利用する際のプライバシー保護対策は必ず講じるべき,8.895865,2.5781367,1_1,2_48,2_48,AI利用におけるプライバシー保護の重要性,このクラスタには、AI技術を活用する際に必ず考慮すべきプライバシー保護対策に関する意見が集まっています。利用者は、個人情報やデータの取り扱いに対する懸念を持ち、AIの導入が進む中で、適切な保護策を講じることが不可欠であると認識しています。プライバシーの確保は、信頼性のあるAIシステムの構築において重要な要素であり、倫理的な観点からも避けて通れない課題であると考えられています。
Acsv-68_0,AIは新たな研究分野を切り開く原動力となる,12.648683,4.697653,1_4,2_23,2_23,AIによるアートと音楽の革新,このグループには、AIがアートや音楽の創作において新しい表現手法を提供し、さらには新たな研究分野を切り開く可能性についての意見が集まっています。参加者は、AIの技術が従来の枠を超えた創造性を引き出し、アートや音楽の未来に革新をもたらすことを期待しています。
Acsv-69_0,AI技術の国際的な標準化が進むことを期待する,8.661867,4.5903854,1_2,2_46,2_46,AI技術の国際的な標準化への期待,このクラスタには、AI技術の国際的な標準化に関する期待や希望が集まっています。参加者は、AI技術が国境を越えて一貫した基準やガイドラインに基づいて発展することが、技術の信頼性や安全性を高め、グローバルな協力を促進する重要な要素であると考えています。国際的な標準化が進むことで、AIの利用がより広がり、様々な分野での応用が加速することを期待しています。
Acsv-70_0,AIを取り巻く法整備は今後の大きな課題の一つである,10.074135,3.0721414,1_1,2_31,2_31,AIに関する法整備の重要性,このクラスタには、AI技術の進展に伴う法的な課題や規制の必要性についての意見が集まっています。AIの利用が広がる中で、倫理的な問題やプライバシーの保護、責任の所在など、法整備が求められる状況が強調されています。参加者は、AIの発展を支えるためには、適切な法的枠組みが不可欠であると認識しており、今後の法整備がAI技術の健全な発展に寄与することを期待しています。
