arg-id,comment-id
Acsv-1_0,csv-1
Acsv-2_0,csv-2
Acsv-3_0,csv-3
Acsv-4_0,csv-4
Acsv-5_0,csv-5
Acsv-6_0,csv-6
Acsv-7_0,csv-7
Acsv-8_0,csv-8
Acsv-9_0,csv-9
Acsv-10_0,csv-10
Acsv-11_0,csv-11
Acsv-12_0,csv-12
Acsv-13_0,csv-13
Acsv-14_0,csv-14
Acsv-15_0,csv-15
Acsv-16_0,csv-16
Acsv-17_0,csv-17
Acsv-18_0,csv-18
Acsv-19_0,csv-19
Acsv-20_0,csv-20
Acsv-21_0,csv-21
Acsv-22_0,csv-22
Acsv-23_0,csv-23
Acsv-24_0,csv-24
Acsv-25_0,csv-25
Acsv-26_0,csv-26
Acsv-27_0,csv-27
Acsv-28_0,csv-28
Acsv-29_0,csv-29
Acsv-30_0,csv-30
Acsv-31_0,csv-31
Acsv-32_0,csv-32
Acsv-33_0,csv-33
Acsv-34_0,csv-34
Acsv-35_0,csv-35
Acsv-36_0,csv-36
Acsv-37_0,csv-37
Acsv-38_0,csv-38
Acsv-39_0,csv-39
Acsv-40_0,csv-40
Acsv-41_0,csv-41
Acsv-42_0,csv-42
Acsv-43_0,csv-43
Acsv-44_0,csv-44
Acsv-45_0,csv-45
Acsv-46_0,csv-46
Acsv-47_0,csv-47
Acsv-48_0,csv-48
Acsv-49_0,csv-49
Acsv-50_0,csv-50
Acsv-51_0,csv-51
Acsv-52_0,csv-52
Acsv-53_0,csv-53
Acsv-54_0,csv-54
Acsv-55_0,csv-55
Acsv-56_0,csv-56
Acsv-57_0,csv-57
Acsv-58_0,csv-58
Acsv-59_0,csv-59
Acsv-60_0,csv-60
Acsv-61_0,csv-61
Acsv-62_0,csv-62
Acsv-63_0,csv-63
Acsv-64_0,csv-64
Acsv-65_0,csv-65
Acsv-66_0,csv-66
Acsv-67_0,csv-67
Acsv-68_0,csv-68
Acsv-69_0,csv-69
Acsv-70_0,csv-70
